mmsi,vessel_name,imo,vessel_type,best_time,latitude,longitude,sog,cog,distance_km,time_diff_min,score,closest_distance_km,closest_time
367330830,ODYSSEA DARWIN,IMO9343120,90.0,2018-09-26 14:23:17+00:00,28.78157,-89.04051,0.5,153.7,13.787428385230616,0.7166666666666667,1.4026317274119504,12.507155812003461,2018-09-26 11:28:27+00:00
366989120,MARY GRACE,IMO9320350,60.0,2018-09-26 14:02:17+00:00,28.95129,-89.07599,19.0,259.3,7.219575359316299,21.716666666666665,1.4458464248205187,5.958370568828349,2018-09-26 13:55:12+00:00
367375990,SANTA MARIA IV,IMO8940189,30.0,2018-09-26 14:23:26+00:00,28.88642,-89.17739,3.4,235.8,15.045041308360606,0.5666666666666667,1.5233930197249494,12.631099484594358,2018-09-26 20:41:55+00:00
372123000,MSC LEIGH,IMO9320439,70.0,2018-09-26 14:23:49+00:00,28.99905,-88.90564,6.8,235.2,15.59461901896918,0.18333333333333332,1.5655730130080292,2.4696025080211226,2018-09-26 15:37:37+00:00
367393940,MISS MY PHUNG,IMO8958538,30.0,2018-09-26 14:22:59+00:00,28.88728,-89.18595,3.2,283.5,15.85903382340509,1.0166666666666666,1.619792271229398,15.094293961865846,2018-09-26 14:14:31+00:00
367680870,LUCKY STAR,IMO9242883,30.0,2018-09-26 14:24:33+00:00,28.88738,-89.20845,3.2,265.8,18.033737683708967,0.55,1.8217071017042301,11.154338415715873,2018-09-26 17:50:04+00:00
366983730,MR LLOYD,IMO8988480,60.0,2018-09-26 14:54:01+00:00,28.95669,-89.09911,21.5,72.8,9.295656473039807,30.016666666666666,1.930121202859536,8.986540597513073,2018-09-26 14:55:13+00:00
367579840,FMS EAGLE,IMO8203074,90.0,2018-09-26 14:23:39+00:00,28.78377,-89.24278,0.1,327.4,25.17745903886744,0.35,2.5294125705534105,24.815924751092485,2018-09-26 09:44:59+00:00
367318350,MISS LORAINE,IMO8941054,30.0,2018-09-26 14:24:09+00:00,28.87348,-89.29035,3.0,240.9,26.137073750097567,0.15,2.6187073750097567,15.967523876837953,2018-09-26 02:29:48+00:00
367704020,MISS ALLY,IMO8940658,30.0,2018-09-26 14:23:52+00:00,28.85003,-89.31624,3.0,248.0,29.072357458157988,0.13333333333333333,2.911680190260243,15.050457974668314,2018-09-26 00:00:42+00:00
237928000,ERIKOUSSA,IMO9254850,80.0,2018-09-26 14:24:02+00:00,28.90195,-89.33102,0.0,273.0,29.861887208500935,0.03333333333333333,2.987299831961205,29.475606315070983,2018-09-26 22:39:02+00:00
229616000,POLA LADOGA,IMO9659799,70.0,2018-09-26 14:25:30+00:00,28.88416,-89.32786,0.1,78.6,29.643695492964056,1.5,3.0143695492964055,29.52375993695629,2018-09-26 18:43:34+00:00
538007911,CAPE TAURA,IMO9407251,89.0,2018-09-26 14:22:41+00:00,28.88643,-89.35131,0.1,196.7,31.902825175984493,1.3166666666666667,3.2341714064873384,31.536574746994944,2018-09-26 22:34:42+00:00
367481310,OSG COURAGEOUS,IMO9395707,31.0,2018-09-26 14:24:56+00:00,28.91617,-89.36129,0.1,221.7,32.829216072694905,0.9333333333333333,3.3140327183806018,32.34214877871588,2018-09-26 23:10:01+00:00
538003693,AMANDA C,IMO9482782,70.0,2018-09-26 14:23:28+00:00,28.88675,-89.36682,0.0,71.3,33.40760136597541,0.5333333333333333,3.3585379143753187,32.897416643697674,2018-09-26 22:26:27+00:00
538006166,TRF BERGEN,IMO9692246,80.0,2018-09-26 14:23:53+00:00,28.86432,-89.36751,4.8,188.8,33.71935739028949,0.11666666666666667,3.375824627917838,33.2527346424763,2018-09-26 07:05:05+00:00
368028770,AB 8,,90.0,2018-09-26 14:24:18+00:00,28.96881,-89.36863,0.0,336.7,34.259393488751364,0.3,3.435939348875136,33.99195801570079,2018-09-26 16:27:18+00:00
366804450,CROSBY RAMBLER,,31.0,2018-09-26 14:23:55+00:00,28.98615,-89.36705,2.0,186.9,34.560484803417026,0.08333333333333333,3.45882625811948,33.47976183059531,2018-09-26 11:50:04+00:00
367095460,MISS DOROTHY,,31.0,2018-09-26 14:23:15+00:00,28.98896,-89.36722,2.3,240.7,34.65912434696615,0.75,3.490912434696615,33.700191636010736,2018-09-26 13:42:33+00:00
366968740,NOLA,,60.0,2018-09-26 14:23:57+00:00,28.94748,-89.39788,23.2,34.5,36.66990625883778,0.05,3.6686572925504444,33.498447920256226,2018-09-26 14:07:29+00:00
367743640,MASTER PAUL,IMO8990639,30.0,2018-09-26 15:28:55+00:00,29.00821,-88.92334,6.6,239.8,15.12586359978073,64.91666666666667,3.6764752488669625,6.421296832163296,2018-09-26 16:40:24+00:00
256317000,LIGARI,IMO9279513,70.0,2018-09-26 14:14:26+00:00,29.0076,-89.35012,10.9,33.3,33.703244901841174,9.566666666666666,3.6892133790730064,33.703244901841174,2018-09-26 14:14:26+00:00
366991260,CAPT JOHN E GRAHAM,IMO8988428,90.0,2018-09-26 14:23:50+00:00,28.84404,-89.39705,0.4,152.1,36.920301249127554,0.16666666666666666,3.697585680468311,35.44423871884496,2018-09-26 04:11:31+00:00
271045704,,,,2018-09-26 14:24:58+00:00,28.93852,-89.40548,9.8,30.6,37.29155975807386,0.9666666666666667,3.7613781980296084,33.671051978770144,2018-09-26 14:55:39+00:00
367192710,BAR PILOT,,60.0,2018-09-26 14:24:39+00:00,28.93232,-89.40749,0.1,219.2,37.42452542626249,0.65,3.7641192092929154,33.26338472861617,2018-09-26 19:20:57+00:00
366957490,WILLIAM H JOHNSON,,60.0,2018-09-26 14:21:32+00:00,28.93248,-89.4078,9.6,282.4,37.4560282525075,2.466666666666667,3.8278250474729725,37.30738948497945,2018-09-26 05:50:45+00:00
367772750,LAUREN A,IMO8024741,30.0,2018-09-26 14:24:26+00:00,28.95946,-89.41375,0.0,25.7,38.38821644539975,0.43333333333333335,3.8532660889844195,38.3841985457552,2018-09-26 14:26:06+00:00
367166240,,,,2018-09-26 14:23:34+00:00,28.95411,-89.41571,1.4,322.9,38.48819266026592,0.43333333333333335,3.863263710471037,38.216913219356684,2018-09-26 14:38:54+00:00
367611820,GIS-SEA HORSE,IMO8964496,90.0,2018-09-26 14:45:59+00:00,29.00778,-89.35085,12.0,213.4,33.77682174298454,21.983333333333334,4.110459952076232,33.77682174298454,2018-09-26 14:45:59+00:00
367435750,FREEDOM,IMO9584176,31.0,2018-09-26 14:51:44+00:00,29.008,-89.3509,11.6,215.6,33.78967077041209,27.733333333333334,4.303411521485653,1.520628622026865,2018-09-26 17:38:34+00:00
367599830,FEDERAL PILOT II,,90.0,2018-09-26 13:47:14+00:00,29.00531,-89.34947,18.3,34.1,33.55838553481681,36.766666666666666,4.5813941090372365,33.55838553481681,2018-09-26 13:47:14+00:00
368042990,,,,2018-09-26 13:45:13+00:00,29.00824,-89.34742,22.7,34.0,33.480559648240614,38.78333333333333,4.640833742601839,33.12792554676519,2018-09-26 18:34:37+00:00
477476200,OSLO VENTURE,IMO9693185,70.0,2018-09-26 15:02:23+00:00,28.91916,-89.41943,10.1,35.1,38.4966456799409,38.38333333333333,5.129109012438534,33.61712109714163,2018-09-26 15:40:22+00:00
210998000,SEABOARD VALPARAISO,IMO9393539,70.0,2018-09-26 15:21:16+00:00,28.77113,-89.39509,12.2,326.4,39.05610336495973,57.266666666666666,5.814499225384862,33.83358608600723,2018-09-26 16:45:26+00:00
367582010,MS NORMA LEE,IMO9089396,90.0,2018-09-26 15:43:16+00:00,29.00452,-89.35368,11.6,212.5,33.916142676127514,79.26666666666667,6.0338364898349734,7.9001723813626645,2018-09-26 02:49:56+00:00
367659220,LADY JENNIE,IMO8961274,30.0,2018-09-26 16:53:32+00:00,29.00887,-89.0446,8.0,230.6,11.745951726554933,149.53333333333333,6.159039617099938,9.98289496554824,2018-09-26 17:17:04+00:00
367669990,CAPT ANDRE,IMO7733187,30.0,2018-09-26 17:03:41+00:00,29.00975,-89.06365,7.0,217.2,12.288617311874628,159.68333333333334,6.55163950896524,10.197583119829204,2018-09-26 17:31:41+00:00
538002355,OSPREY I,IMO9241504,70.0,2018-09-26 13:02:13+00:00,28.88754,-89.41997,8.4,183.0,38.569164074998056,81.78333333333333,6.583027518610916,33.718230489908855,2018-09-26 12:16:32+00:00
247302400,PANNONIA G,IMO9567946,70.0,2018-09-26 16:16:15+00:00,29.009,-89.34933,13.9,214.0,33.6840107163605,112.25,7.110067738302716,33.6840107163605,2018-09-26 16:16:15+00:00
563016600,,,,2018-09-26 16:27:09+00:00,29.00595,-89.35144,10.9,213.7,33.76272416863659,123.15,7.481272416863659,33.76272416863659,2018-09-26 16:27:09+00:00
366872570,DAY ANGEL,IMO8980036,30.0,2018-09-26 17:41:07+00:00,29.00787,-89.03433,8.3,221.0,11.50871374568182,197.11666666666667,7.721426930123738,9.409512970493077,2018-09-26 18:03:10+00:00
367653160,FAST LEOPARD,IMO9718260,60.0,2018-09-26 12:17:39+00:00,28.7706,-89.35852,18.0,108.8,35.81204371130297,126.35,7.792871037796964,35.81204371130297,2018-09-26 12:17:39+00:00
319602000,STOLT FOCUS,IMO9214305,80.0,2018-09-26 12:05:52+00:00,29.00835,-89.34947,12.3,34.0,33.67209659978204,138.13333333333333,7.971654104422647,33.67209659978204,2018-09-26 12:05:52+00:00
367109110,STONE EXPLORER,,31.0,2018-09-26 11:43:44+00:00,29.00784,-89.34878,6.0,33.4,33.58969972279426,160.26666666666668,8.701192194501647,33.58969972279426,2018-09-26 11:43:44+00:00
367495070,MISSISSIPPI IV,,30.0,2018-09-26 17:13:36+00:00,28.87674,-89.41912,8.1,73.4,38.56686075637284,169.6,9.510019408970617,10.788910113510424,2018-09-26 19:14:35+00:00
548960000,,,,2018-09-26 17:31:41+00:00,28.77238,-89.38778,10.4,325.9,38.344796495128904,187.68333333333334,10.090590760624002,33.92378723325112,2018-09-26 18:55:51+00:00
218614000,MSC TORONTO,IMO9299525,70.0,2018-09-26 17:41:40+00:00,28.9256,-89.41485,12.4,32.8,38.08694640508036,197.66666666666666,10.397583529396925,33.789095055287554,2018-09-26 18:12:38+00:00
563944000,ALPINE ETERNITY,IMO9430272,80.0,2018-09-26 10:42:40+00:00,29.00842,-89.34925,10.3,34.6,33.65463985650717,221.33333333333334,10.743241763428495,33.65463985650717,2018-09-26 10:42:40+00:00
356423000,TURMOIL,IMO9479838,80.0,2018-09-26 17:50:47+00:00,28.77201,-89.39114,7.7,330.0,38.6629562250962,206.78333333333333,10.759073400287399,34.167237629089236,2018-09-26 23:58:56+00:00
367594140,NGUYEN T J,IMO8958291,30.0,2018-09-26 18:25:52+00:00,28.86317,-89.41852,8.5,77.7,38.662410012608454,241.86666666666667,11.928463223483067,8.780835984877287,2018-09-26 20:50:37+00:00
367740720,COPPER MOUNTAIN,IMO8976607,31.0,2018-09-26 08:34:17+00:00,28.79524,-88.90052,8.5,97.2,17.132634945666247,349.71666666666664,13.370485716788847,10.234833822801185,2018-09-26 07:41:45+00:00
367642980,CAPT ELLIOTT MCCALL,IMO9744453,90.0,2018-09-26 07:40:58+00:00,28.87296,-88.9905,18.1,82.2,4.8270825879833765,403.03333333333336,13.917152703242783,4.016866896017324,2018-09-26 07:35:17+00:00
357759000,LOCH MAREE,IMO9658800,79.0,2018-09-26 19:45:11+00:00,29.00882,-89.34981,12.1,213.9,33.721014318639455,321.18333333333334,14.078212542975056,33.721014318639455,2018-09-26 19:45:11+00:00
366914750,CANDY COTTON,IMO9026497,60.0,2018-09-26 07:50:16+00:00,28.99558,-89.0088,20.3,71.2,10.211979047981824,393.73333333333335,14.145642349242626,8.64490069570797,2018-09-26 07:41:23+00:00
538005074,INTREPID EAGLE,IMO9467615,70.0,2018-09-26 08:39:25+00:00,29.00847,-89.34932,11.2,33.1,33.66293580660816,344.5833333333333,14.852404691771927,33.66293580660816,2018-09-26 08:39:25+00:00
310707000,SITEAM DISCOVERER,IMO9326938,80.0,2018-09-26 20:11:10+00:00,29.00689,-89.35087,13.0,214.1,33.74534307437034,347.1666666666667,14.946756529659257,33.74534307437034,2018-09-26 20:11:10+00:00
311000137,CS JADEN,IMO9660061,70.0,2018-09-26 20:33:10+00:00,29.00824,-89.34989,14.3,213.0,33.706334669881564,369.1666666666667,15.676189022543712,32.936492412703345,2018-09-26 22:25:10+00:00
367415160,YELLOWFIN,IMO9565584,31.0,2018-09-26 08:05:56+00:00,29.00836,-89.34927,6.3,34.0,33.654191999721654,378.06666666666666,15.967641422194387,33.654191999721654,2018-09-26 08:05:56+00:00
367187790,SEA DOPHIN,IMO8941121,30.0,2018-09-26 21:57:16+00:00,29.00945,-89.10023,8.2,198.9,13.790239059058722,453.26666666666665,16.48791279479476,11.916083443943423,2018-09-26 22:10:14+00:00
366803040,LITTLE ANDREW,,30.0,2018-09-26 06:33:32+00:00,29.00845,-89.01469,8.3,33.7,11.569120736758695,470.46666666666664,16.83913429589809,7.125830664706612,2018-09-26 06:00:00+00:00
538006856,TRF KOBE,IMO9733363,80.0,2018-09-26 07:38:02+00:00,29.00932,-89.34897,9.7,36.9,33.663355511294775,405.96666666666664,16.898557773351698,33.663355511294775,2018-09-26 07:38:02+00:00
367529040,K-MARINE VIII,IMO8977144,60.0,2018-09-26 22:27:38+00:00,28.98697,-89.00797,15.0,233.5,9.279595472076352,483.6333333333333,17.049070658318747,6.318450954752866,2018-09-26 22:42:38+00:00
256313000,SEABEE,IMO9698941,70.0,2018-09-26 06:33:48+00:00,28.77334,-89.00755,11.7,248.4,14.702011159851084,470.2,17.14353444931844,11.832124332233402,2018-09-26 06:08:18+00:00
367594510,GRACE,IMO8975809,60.0,2018-09-26 22:26:49+00:00,29.00944,-89.04979,15.1,225.8,11.903427870708178,482.81666666666666,17.284231675959706,9.356886636431106,2018-09-26 22:41:08+00:00
636012767,ASOPOS,IMO9309253,80.0,2018-09-26 21:42:02+00:00,29.00588,-89.35172,12.1,215.0,33.78582875078317,438.03333333333336,17.979693986189428,33.78582875078317,2018-09-26 21:42:02+00:00
366970330,CHERAMIE BOTRUC 39,IMO9320166,90.0,2018-09-26 21:28:44+00:00,28.83659,-89.41977,9.2,94.1,39.25023418562045,424.73333333333335,18.082801196339823,7.36740872680332,2018-09-26 23:30:54+00:00
538003254,STOLT MEGAMI,IMO9425980,80.0,2018-09-26 21:32:35+00:00,28.92,-89.41872,10.7,32.0,38.43145136333032,428.5833333333333,18.12925624744414,33.6736730153894,2018-09-26 22:12:15+00:00
367475170,FEDERAL PILOT 1,,90.0,2018-09-26 06:57:57+00:00,28.96285,-89.37775,0.0,130.6,35.000564164266656,446.05,18.36838974976,34.495421190866175,2018-09-26 06:01:11+00:00
477985300,GENCO CHALLENGER,IMO9287429,70.0,2018-09-26 21:42:47+00:00,28.91824,-89.41994,10.6,32.2,38.5422961301265,438.78333333333336,18.48034072412376,33.58979327230771,2018-09-26 22:21:57+00:00
256300000,CMA CGM TANCREDI,IMO9436355,70.0,2018-09-26 06:30:01+00:00,28.77245,-89.30942,20.4,143.0,31.430005682158942,473.98333333333335,18.94244501266034,31.430005682158942,2018-09-26 06:30:01+00:00
311727000,HELGA SPIRIT,IMO9292503,80.0,2018-09-26 22:29:55+00:00,29.00984,-89.34861,14.0,212.1,33.65044996576789,485.9166666666667,19.56226721879901,33.65044996576789,2018-09-26 22:29:55+00:00
538006970,GH SEABISCUIT,IMO9736640,70.0,2018-09-26 06:24:40+00:00,28.77114,-89.412,12.9,139.5,40.58382080732648,479.3333333333333,20.036159858510427,33.72100584215096,2018-09-26 04:58:11+00:00
249745000,SREDNA GORA,IMO9486570,70.0,2018-09-26 06:03:45+00:00,28.77224,-89.34992,11.2,152.6,34.97477535388283,500.25,20.172477535388285,33.77668564484374,2018-09-26 04:24:14+00:00
563450000,TORM ALMENA,IMO9465980,80.0,2018-09-26 06:07:01+00:00,28.77166,-89.38142,11.6,156.9,37.80488265664645,496.98333333333335,20.346599376775757,33.840952575531034,2018-09-26 04:36:22+00:00
367154920,MISS LYNDA,,60.0,2018-09-26 05:59:06+00:00,28.92268,-89.41817,18.4,214.6,38.391800551115814,504.9,20.66918005511158,33.74153153370733,2018-09-26 05:38:54+00:00
367413160,DUSTIN DANOS,IMO8964458,90.0,2018-09-26 04:29:50+00:00,29.00799,-88.96024,9.3,65.5,13.061727348376134,594.1666666666666,21.111728290393167,7.648061466255371,2018-09-26 03:52:50+00:00
367666240,AQUEOS SPLASH,,60.0,2018-09-26 23:16:01+00:00,29.00727,-89.35161,15.4,216.8,33.82731081133022,532.0166666666667,21.11661997002191,33.82731081133022,2018-09-26 23:16:01+00:00
368185000,DEE WHITE,IMO9127227,31.0,2018-09-26 05:12:57+00:00,29.00463,-89.35131,9.5,35.5,33.702335153957236,551.05,21.738566848729057,33.702335153957236,2018-09-26 05:12:57+00:00
636014381,ANNA S,IMO9207778,70.0,2018-09-26 23:21:09+00:00,28.7746,-89.39891,11.5,323.0,39.25603685140656,537.15,21.830603685140655,39.25603685140656,2018-09-26 23:21:09+00:00
548953000,,,,2018-09-26 23:48:14+00:00,28.77133,-89.39204,12.0,331.7,38.7729713641531,564.2333333333333,22.68507491419309,38.7729713641531,2018-09-26 23:48:14+00:00
367150170,CANDY BARREL,IMO9550929,60.0,2018-09-26 03:57:14+00:00,28.84906,-89.22013,21.8,275.8,20.050649876073326,626.7666666666667,22.897287209829557,20.050649876073326,2018-09-26 03:57:14+00:00
368674000,HEIDE MORAN,IMO7420390,31.0,2018-09-26 03:16:49+00:00,29.00937,-89.3484,5.9,35.4,33.613234012715225,667.1833333333333,25.600767845715964,16.075569767470714,2018-09-26 00:00:09+00:00
636016805,MSC NADRIELY,IMO9149328,70.0,2018-09-26 02:53:06+00:00,29.00937,-89.34848,12.4,34.5,33.62053654252799,690.9,26.392053654252795,33.62053654252799,2018-09-26 02:53:06+00:00
367302430,THE SHOOTIST,IMO8036574,30.0,2018-09-26 00:53:48+00:00,29.01,-89.01478,7.6,44.3,11.740228335679838,810.2,28.180689500234653,7.412344061985868,2018-09-26 00:15:16+00:00
366987890,CAPT RUDY,IMO9337420,90.0,2018-09-26 00:52:13+00:00,29.00961,-89.34723,9.6,34.4,33.515700367731235,811.7833333333333,30.411014481217567,33.515700367731235,2018-09-26 00:52:13+00:00
338644000,SOUTHERN QUEST,IMO9222637,90.0,2018-09-26 00:36:10+00:00,28.92372,-89.4184,11.1,215.0,38.42014247598181,827.8333333333334,31.436458692042628,33.77687390678116,2018-09-26 00:02:30+00:00
367353090,SUNSHINE STATE,IMO9408114,80.0,2018-09-26 00:13:19+00:00,29.00637,-89.35127,11.2,35.0,33.76267160724048,850.6833333333333,31.732378271835156,33.76267160724048,2018-09-26 00:13:19+00:00
