mmsi,vessel_name,imo,vessel_type,best_time,distance_km,ais_course,wind_slick_difference_deg,ais_slick_difference_deg,wind_score,ais_score,directional_score,proximity_score,final_attribution_score
367529040,K-MARINE VIII,IMO8977144,60.0,2018-09-26 22:27:38+00:00,9.279595472076352,233.5,4.5789104925043205,0.19999999999998863,94.9123216749952,99.77777777777779,97.34504972638649,62.88161811169459,83.55967708050973
367642980,CAPT ELLIOTT MCCALL,IMO9744453,90.0,2018-09-26 07:40:58+00:00,4.8270825879833765,82.2,4.5789104925043205,28.5,94.9123216749952,68.33333333333333,81.62282750416426,80.6916696480665,81.25036436172516
367659220,LADY JENNIE,IMO8961274,30.0,2018-09-26 16:53:32+00:00,11.745951726554932,230.6,4.5789104925043205,3.0999999999999943,94.9123216749952,96.55555555555556,95.73393861527538,53.016193093780274,78.64684040667734
366989120,MARY GRACE,IMO9320350,60.0,2018-09-26 14:02:17+00:00,7.219575359316299,259.3,4.5789104925043205,25.600000000000023,94.9123216749952,71.55555555555553,83.23393861527536,71.1216985627348,78.38904259425914
366983730,MR LLOYD,IMO8988480,60.0,2018-09-26 14:54:01+00:00,9.295656473039807,72.8,4.5789104925043205,19.100000000000023,94.9123216749952,78.77777777777774,86.84504972638646,62.81737410784076,77.23397947896818
367594510,GRACE,IMO8975809,60.0,2018-09-26 22:26:49+00:00,11.903427870708178,225.8,4.5789104925043205,7.899999999999977,94.9123216749952,91.22222222222224,93.06727194860872,52.38628851716729,76.79487857603215
367302430,THE SHOOTIST,IMO8036574,30.0,2018-09-26 00:53:48+00:00,11.740228335679838,44.3,4.5789104925043205,9.399999999999977,94.9123216749952,89.55555555555557,92.23393861527538,53.039086657280656,76.55599783207748
366914750,CANDY COTTON,IMO9026497,60.0,2018-09-26 07:50:16+00:00,10.211979047981824,71.2,4.5789104925043205,17.5,94.9123216749952,80.55555555555556,87.73393861527538,59.15208380807271,76.30119669239431
366872570,DAY ANGEL,IMO8980036,30.0,2018-09-26 17:41:07+00:00,11.50871374568182,221.0,4.5789104925043205,12.699999999999989,94.9123216749952,85.8888888888889,90.40060528194205,53.96514501727272,75.82642117607432
367375990,SANTA MARIA IV,IMO8940189,30.0,2018-09-26 14:23:26+00:00,15.045041308360606,235.8,4.5789104925043205,2.1000000000000227,94.9123216749952,97.66666666666664,96.28949417083092,39.81983476655757,73.70163040912158
367413160,DUSTIN DANOS,IMO8964458,90.0,2018-09-26 04:29:50+00:00,13.061727348376134,65.5,4.5789104925043205,11.800000000000011,94.9123216749952,86.88888888888889,90.90060528194203,47.75309060649546,73.64159941176341
367669990,CAPT ANDRE,IMO7733187,30.0,2018-09-26 17:03:41+00:00,12.288617311874628,217.2,4.5789104925043205,16.5,94.9123216749952,81.66666666666667,88.28949417083093,50.84553075250149,73.31190880349916
366803040,LITTLE ANDREW,,30.0,2018-09-26 06:33:32+00:00,11.569120736758697,33.7,4.5789104925043205,20.0,94.9123216749952,77.77777777777779,86.34504972638649,53.72351705296521,73.29643665701798
372123000,MSC LEIGH,IMO9320439,70.0,2018-09-26 14:23:49+00:00,15.59461901896918,235.2,4.5789104925043205,1.5,94.9123216749952,98.33333333333333,96.62282750416426,37.62152392412328,73.02230607214787
367743640,MASTER PAUL,IMO8990639,30.0,2018-09-26 15:28:55+00:00,15.12586359978073,239.8,4.5789104925043205,6.100000000000023,94.9123216749952,93.2222222222222,94.06727194860869,39.49654560087708,72.23898140951604
256313000,SEABEE,IMO9698941,70.0,2018-09-26 06:33:48+00:00,14.702011159851084,248.4,4.5789104925043205,14.700000000000017,94.9123216749952,83.66666666666664,89.28949417083092,41.191955360595664,70.05047864673682
367187790,SEA DOPHIN,IMO8941121,30.0,2018-09-26 21:57:16+00:00,13.790239059058722,198.9,4.5789104925043205,34.79999999999998,94.9123216749952,61.33333333333335,78.12282750416428,44.839043763765105,64.8093140080046
367680870,LUCKY STAR,IMO9242883,30.0,2018-09-26 14:24:33+00:00,18.033737683708967,265.8,4.5789104925043205,32.10000000000002,94.9123216749952,64.33333333333331,79.62282750416426,27.86504926516413,58.91971620856421
367740720,COPPER MOUNTAIN,IMO8976607,31.0,2018-09-26 08:34:17+00:00,17.132634945666247,97.2,4.5789104925043205,43.5,94.9123216749952,51.66666666666666,73.28949417083092,31.469460217335012,56.561480589432556
367393940,MISS MY PHUNG,IMO8958538,30.0,2018-09-26 14:22:59+00:00,15.85903382340509,283.5,4.5789104925043205,49.80000000000001,94.9123216749952,44.66666666666666,69.78949417083092,36.56386470637965,56.499242385050415
367095460,MISS DOROTHY,,31.0,2018-09-26 14:23:15+00:00,34.65912434696615,240.7,4.5789104925043205,7.0,94.9123216749952,92.22222222222223,93.56727194860872,0.0,56.140363169165234
367318350,MISS LORAINE,IMO8941054,30.0,2018-09-26 14:24:09+00:00,26.137073750097567,240.9,4.5789104925043205,7.200000000000017,94.9123216749952,91.99999999999999,93.45616083749759,0.0,56.07369650249856
367481310,OSG COURAGEOUS,IMO9395707,31.0,2018-09-26 14:24:56+00:00,32.829216072694905,221.7,4.5789104925043205,12.0,94.9123216749952,86.66666666666667,90.78949417083093,0.0,54.47369650249856
367704020,MISS ALLY,IMO8940658,30.0,2018-09-26 14:23:52+00:00,29.072357458157988,248.0,4.5789104925043205,14.300000000000011,94.9123216749952,84.11111111111109,89.51171639305315,0.0,53.70702983583189
367192710,BAR PILOT,,60.0,2018-09-26 14:24:39+00:00,37.42452542626249,219.2,4.5789104925043205,14.5,94.9123216749952,83.88888888888889,89.40060528194203,0.0,53.64036316916522
538006856,TRF KOBE,IMO9733363,80.0,2018-09-26 07:38:02+00:00,33.663355511294775,36.9,4.5789104925043205,16.799999999999983,94.9123216749952,81.33333333333334,88.12282750416426,0.0,52.873696502498554
367666240,AQUEOS SPLASH,,60.0,2018-09-26 23:16:01+00:00,33.82731081133022,216.8,4.5789104925043205,16.899999999999977,94.9123216749952,81.22222222222226,88.06727194860872,0.0,52.84036316916523
538003693,AMANDA C,IMO9482782,70.0,2018-09-26 14:23:28+00:00,33.40760136597541,71.3,4.5789104925043205,17.600000000000023,94.9123216749952,80.44444444444441,87.6783830597198,0.0,52.60702983583188
367435750,FREEDOM,IMO9584176,31.0,2018-09-26 14:51:44+00:00,33.78967077041209,215.6,4.5789104925043205,18.099999999999994,94.9123216749952,79.8888888888889,87.40060528194205,0.0,52.44036316916523
368185000,DEE WHITE,IMO9127227,31.0,2018-09-26 05:12:57+00:00,33.702335153957236,35.5,4.5789104925043205,18.19999999999999,94.9123216749952,79.77777777777779,87.34504972638649,0.0,52.40702983583189
368674000,HEIDE MORAN,IMO7420390,31.0,2018-09-26 03:16:49+00:00,33.613234012715225,35.4,4.5789104925043205,18.299999999999983,94.9123216749952,79.66666666666669,87.28949417083095,0.0,52.37369650249857
367150170,CANDY BARREL,IMO9550929,60.0,2018-09-26 03:57:14+00:00,20.05064987607333,275.8,4.5789104925043205,42.10000000000002,94.9123216749952,53.22222222222219,74.06727194860869,19.797400495706686,52.35932336744789
477476200,OSLO VENTURE,IMO9693185,70.0,2018-09-26 15:02:23+00:00,38.4966456799409,35.1,4.5789104925043205,18.599999999999994,94.9123216749952,79.33333333333334,87.12282750416426,0.0,52.27369650249856
367353090,SUNSHINE STATE,IMO9408114,80.0,2018-09-26 00:13:19+00:00,33.76267160724048,35.0,4.5789104925043205,18.69999999999999,94.9123216749952,79.22222222222224,87.06727194860872,0.0,52.24036316916523
338644000,SOUTHERN QUEST,IMO9222637,90.0,2018-09-26 00:36:10+00:00,38.42014247598181,215.0,4.5789104925043205,18.69999999999999,94.9123216749952,79.22222222222224,87.06727194860872,0.0,52.24036316916523
636012767,ASOPOS,IMO9309253,80.0,2018-09-26 21:42:02+00:00,33.78582875078317,215.0,4.5789104925043205,18.69999999999999,94.9123216749952,79.22222222222224,87.06727194860872,0.0,52.24036316916523
367154920,MISS LYNDA,,60.0,2018-09-26 05:59:06+00:00,38.391800551115814,214.6,4.5789104925043205,19.099999999999994,94.9123216749952,78.77777777777779,86.84504972638649,0.0,52.107029835831895
563944000,ALPINE ETERNITY,IMO9430272,80.0,2018-09-26 10:42:40+00:00,33.65463985650717,34.6,4.5789104925043205,19.099999999999994,94.9123216749952,78.77777777777779,86.84504972638649,0.0,52.107029835831895
366968740,NOLA,,60.0,2018-09-26 14:23:57+00:00,36.66990625883778,34.5,4.5789104925043205,19.19999999999999,94.9123216749952,78.66666666666669,86.78949417083095,0.0,52.07369650249857
636016805,MSC NADRIELY,IMO9149328,70.0,2018-09-26 02:53:06+00:00,33.62053654252799,34.5,4.5789104925043205,19.19999999999999,94.9123216749952,78.66666666666669,86.78949417083095,0.0,52.07369650249857
366987890,CAPT RUDY,IMO9337420,90.0,2018-09-26 00:52:13+00:00,33.515700367731235,34.4,4.5789104925043205,19.299999999999983,94.9123216749952,78.55555555555557,86.73393861527538,0.0,52.040363169165225
367599830,FEDERAL PILOT II,,90.0,2018-09-26 13:47:14+00:00,33.55838553481681,34.1,4.5789104925043205,19.599999999999994,94.9123216749952,78.22222222222223,86.56727194860872,0.0,51.94036316916523
310707000,SITEAM DISCOVERER,IMO9326938,80.0,2018-09-26 20:11:10+00:00,33.74534307437034,214.1,4.5789104925043205,19.599999999999994,94.9123216749952,78.22222222222223,86.56727194860872,0.0,51.94036316916523
368042990,,,,2018-09-26 13:45:13+00:00,33.480559648240614,34.0,4.5789104925043205,19.69999999999999,94.9123216749952,78.11111111111111,86.51171639305315,0.0,51.907029835831885
247302400,PANNONIA G,IMO9567946,70.0,2018-09-26 16:16:15+00:00,33.6840107163605,214.0,4.5789104925043205,19.69999999999999,94.9123216749952,78.11111111111111,86.51171639305315,0.0,51.907029835831885
367415160,YELLOWFIN,IMO9565584,31.0,2018-09-26 08:05:56+00:00,33.654191999721654,34.0,4.5789104925043205,19.69999999999999,94.9123216749952,78.11111111111111,86.51171639305315,0.0,51.907029835831885
319602000,STOLT FOCUS,IMO9214305,80.0,2018-09-26 12:05:52+00:00,33.67209659978204,34.0,4.5789104925043205,19.69999999999999,94.9123216749952,78.11111111111111,86.51171639305315,0.0,51.907029835831885
367495070,MISSISSIPPI IV,,30.0,2018-09-26 17:13:36+00:00,38.56686075637284,73.4,4.5789104925043205,19.700000000000017,94.9123216749952,78.11111111111109,86.51171639305315,0.0,51.907029835831885
357759000,LOCH MAREE,IMO9658800,79.0,2018-09-26 19:45:11+00:00,33.721014318639455,213.9,4.5789104925043205,19.799999999999983,94.9123216749952,78.00000000000003,86.4561608374976,0.0,51.87369650249856
563016600,,,,2018-09-26 16:27:09+00:00,33.76272416863659,213.7,4.5789104925043205,20.0,94.9123216749952,77.77777777777779,86.34504972638649,0.0,51.80702983583189
367109110,STONE EXPLORER,,31.0,2018-09-26 11:43:44+00:00,33.58969972279426,33.4,4.5789104925043205,20.299999999999983,94.9123216749952,77.44444444444446,86.17838305971983,0.0,51.7070298358319
367611820,GIS-SEA HORSE,IMO8964496,90.0,2018-09-26 14:45:59+00:00,33.77682174298454,213.4,4.5789104925043205,20.299999999999983,94.9123216749952,77.44444444444446,86.17838305971983,0.0,51.7070298358319
256317000,LIGARI,IMO9279513,70.0,2018-09-26 14:14:26+00:00,33.703244901841174,33.3,4.5789104925043205,20.399999999999977,94.9123216749952,77.33333333333337,86.12282750416429,0.0,51.67369650249857
538005074,INTREPID EAGLE,IMO9467615,70.0,2018-09-26 08:39:25+00:00,33.66293580660816,33.1,4.5789104925043205,20.599999999999994,94.9123216749952,77.11111111111111,86.01171639305315,0.0,51.60702983583189
311000137,CS JADEN,IMO9660061,70.0,2018-09-26 20:33:10+00:00,33.706334669881564,213.0,4.5789104925043205,20.69999999999999,94.9123216749952,77.00000000000001,85.9561608374976,0.0,51.573696502498564
218614000,MSC TORONTO,IMO9299525,70.0,2018-09-26 17:41:40+00:00,38.08694640508036,32.8,4.5789104925043205,20.899999999999977,94.9123216749952,76.7777777777778,85.84504972638649,0.0,51.507029835831894
367582010,MS NORMA LEE,IMO9089396,90.0,2018-09-26 15:43:16+00:00,33.916142676127514,212.5,4.5789104925043205,21.19999999999999,94.9123216749952,76.44444444444446,85.67838305971983,0.0,51.4070298358319
477985300,GENCO CHALLENGER,IMO9287429,70.0,2018-09-26 21:42:47+00:00,38.5422961301265,32.2,4.5789104925043205,21.5,94.9123216749952,76.11111111111111,85.51171639305315,0.0,51.30702983583189
311727000,HELGA SPIRIT,IMO9292503,80.0,2018-09-26 22:29:55+00:00,33.65044996576789,212.1,4.5789104925043205,21.599999999999994,94.9123216749952,76.0,85.4561608374976,0.0,51.27369650249856
538003254,STOLT MEGAMI,IMO9425980,80.0,2018-09-26 21:32:35+00:00,38.43145136333032,32.0,4.5789104925043205,21.69999999999999,94.9123216749952,75.8888888888889,85.40060528194205,0.0,51.24036316916523
271045704,,,,2018-09-26 14:24:58+00:00,37.29155975807386,30.6,4.5789104925043205,23.099999999999994,94.9123216749952,74.33333333333334,84.62282750416426,0.0,50.77369650249856
367594140,NGUYEN T J,IMO8958291,30.0,2018-09-26 18:25:52+00:00,38.662410012608454,77.7,4.5789104925043205,24.0,94.9123216749952,73.33333333333334,84.12282750416426,0.0,50.473696502498555
229616000,POLA LADOGA,IMO9659799,70.0,2018-09-26 14:25:30+00:00,29.643695492964056,78.6,4.5789104925043205,24.900000000000006,94.9123216749952,72.33333333333333,83.62282750416426,0.0,50.17369650249856
367330830,ODYSSEA DARWIN,IMO9343120,90.0,2018-09-26 14:23:17+00:00,13.787428385230616,153.7,4.5789104925043205,80.0,94.9123216749952,11.111111111111116,53.011716393053156,44.85028645907754,49.747144419462906
367772750,LAUREN A,IMO8024741,30.0,2018-09-26 14:24:26+00:00,38.38821644539975,25.7,4.5789104925043205,28.0,94.9123216749952,68.88888888888889,81.90060528194203,0.0,49.14036316916522
538007911,CAPE TAURA,IMO9407251,89.0,2018-09-26 14:22:41+00:00,31.902825175984493,196.7,4.5789104925043205,37.0,94.9123216749952,58.88888888888889,76.90060528194205,0.0,46.14036316916523
237928000,ERIKOUSSA,IMO9254850,80.0,2018-09-26 14:24:02+00:00,29.861887208500935,273.0,4.5789104925043205,39.30000000000001,94.9123216749952,56.33333333333332,75.62282750416426,0.0,45.373696502498554
366970330,CHERAMIE BOTRUC 39,IMO9320166,90.0,2018-09-26 21:28:44+00:00,39.25023418562045,94.1,4.5789104925043205,40.400000000000006,94.9123216749952,55.111111111111114,75.01171639305315,0.0,45.00702983583189
538006166,TRF BERGEN,IMO9692246,80.0,2018-09-26 14:23:53+00:00,33.71935739028949,188.8,4.5789104925043205,44.89999999999998,94.9123216749952,50.11111111111113,72.51171639305316,0.0,43.507029835831894
366804450,CROSBY RAMBLER,,31.0,2018-09-26 14:23:55+00:00,34.560484803417026,186.9,4.5789104925043205,46.79999999999998,94.9123216749952,48.00000000000002,71.4561608374976,0.0,42.87369650249856
366957490,WILLIAM H JOHNSON,,60.0,2018-09-26 14:21:32+00:00,37.4560282525075,282.4,4.5789104925043205,48.69999999999999,94.9123216749952,45.8888888888889,70.40060528194205,0.0,42.24036316916523
538002355,OSPREY I,IMO9241504,70.0,2018-09-26 13:02:13+00:00,38.569164074998056,183.0,4.5789104925043205,50.69999999999999,94.9123216749952,43.66666666666668,69.28949417083093,0.0,41.57369650249856
367653160,FAST LEOPARD,IMO9718260,60.0,2018-09-26 12:17:39+00:00,35.81204371130297,108.8,4.5789104925043205,55.10000000000001,94.9123216749952,38.777777777777764,66.84504972638648,0.0,40.10702983583189
563450000,TORM ALMENA,IMO9465980,80.0,2018-09-26 06:07:01+00:00,37.80488265664645,156.9,4.5789104925043205,76.79999999999998,94.9123216749952,14.666666666666684,54.78949417083094,0.0,32.87369650249856
367475170,FEDERAL PILOT 1,,90.0,2018-09-26 06:57:57+00:00,35.000564164266656,130.6,4.5789104925043205,76.9,94.9123216749952,14.555555555555543,54.73393861527537,0.0,32.84036316916522
368028770,AB 8,,90.0,2018-09-26 14:24:18+00:00,34.259393488751364,336.7,4.5789104925043205,77.0,94.9123216749952,14.444444444444448,54.67838305971982,0.0,32.80702983583189
249745000,SREDNA GORA,IMO9486570,70.0,2018-09-26 06:03:45+00:00,34.97477535388283,152.6,4.5789104925043205,81.1,94.9123216749952,9.888888888888891,52.40060528194204,0.0,31.440363169165224
366991260,CAPT JOHN E GRAHAM,IMO8988428,90.0,2018-09-26 14:23:50+00:00,36.920301249127554,152.1,4.5789104925043205,81.6,94.9123216749952,9.333333333333337,52.12282750416427,0.0,31.27369650249856
548953000,,,,2018-09-26 23:48:14+00:00,38.7729713641531,331.7,4.5789104925043205,82.0,94.9123216749952,8.888888888888891,51.90060528194204,0.0,31.140363169165223
356423000,TURMOIL,IMO9479838,80.0,2018-09-26 17:50:47+00:00,38.6629562250962,330.0,4.5789104925043205,83.69999999999999,94.9123216749952,7.000000000000018,50.956160837497606,0.0,30.573696502498564
538006970,GH SEABISCUIT,IMO9736640,70.0,2018-09-26 06:24:40+00:00,40.58382080732648,139.5,4.5789104925043205,85.80000000000001,94.9123216749952,4.666666666666652,49.78949417083093,0.0,29.873696502498554
367579840,FMS EAGLE,IMO8203074,90.0,2018-09-26 14:23:39+00:00,25.17745903886744,327.4,4.5789104925043205,86.30000000000001,94.9123216749952,4.111111111111098,49.51171639305315,0.0,29.70702983583189
210998000,SEABOARD VALPARAISO,IMO9393539,70.0,2018-09-26 15:21:16+00:00,39.05610336495973,326.4,4.5789104925043205,87.30000000000001,94.9123216749952,2.9999999999999916,48.95616083749759,0.0,29.373696502498554
548960000,,,,2018-09-26 17:31:41+00:00,38.344796495128904,325.9,4.5789104925043205,87.80000000000001,94.9123216749952,2.444444444444427,48.67838305971981,0.0,29.207029835831886
367166240,,,,2018-09-26 14:23:34+00:00,38.48819266026592,322.9,4.5789104925043205,89.19999999999999,94.9123216749952,0.8888888888889057,47.90060528194205,0.0,28.740363169165228
636014381,ANNA S,IMO9207778,70.0,2018-09-26 23:21:09+00:00,39.25603685140656,323.0,4.5789104925043205,89.30000000000001,94.9123216749952,0.7777777777777661,47.845049726386485,0.0,28.70702983583189
256300000,CMA CGM TANCREDI,IMO9436355,70.0,2018-09-26 06:30:01+00:00,31.430005682158946,143.0,4.5789104925043205,89.30000000000001,94.9123216749952,0.7777777777777661,47.845049726386485,0.0,28.70702983583189
